SECTION 1: HOW TO USE AND UNDERSTAND THE VIN,,,
Instruction,Description,,
What is a VIN?,A Vehicle Identification Number (VIN) is a unique code assigned to every motor vehicle when it's manufactured. It can be decoded to reveal the Month and Year of production.,,
Where to find it?,"The VIN is usually a 17-character string (sometimes up to 20 for specific brands like Hyundai/Fiat in India) stamped in the engine bay, around the passenger compartment, or on a placard near the front doors.",,
How to use this guide?,1. Find your vehicle's VIN. 2. Locate your car's manufacturer in Section 2 to find which character positions correspond to the Month and Year. 3. Match those specific characters with the Month and Year Code tables in Sections 3 and 4.,,
Important Note,Always count the characters from left to right.,,
,,,
,,,
SECTION 2: MANUFACTURER VIN DECODING RULES (ALL 18 BRANDS),,,
Manufacturer / Model,Year Character Position,Month Character Position,Additional Notes / Exceptions
1. Tata Motors,10th Character,12th Character,
2. Chevrolet (Pre-Feb 2011),10th Character,9th Character,
2. Chevrolet (Effective Feb 2011),9th Character,7th Character,"Look for a separate placard near the front left door (bottom right) for a 2-character Month/Year code (e.g., GF = July 2015)."
2. Chevrolet (Trailblazer),9th Character,4th Character,
3. Honda,10th Character,9th Character,
4. Mahindra,10th Character,12th Character,"10th Digit is Year (e.g., 2=2001, 3=2002); 11th is Plant Code; 12th is Month."
5. Mitsubishi,10th Character,11th Character,
6. Hyundai,10th Character,19th Character,VIN string may be 19 characters long.
7. Fiat,19th & 20th Characters,18th Character,"e.g., NZ = 2010. String is longer than the standard 17 characters."
8. Skoda,10th Character,6th Character,
9. Volkswagen,5th & 6th Characters,4th Character,"10th character represents the MODEL YEAR. 5th/6th together make the calendar year (e.g., 12 = 2012)."
10. Toyota,10th Character,Varies / Check Tags,Toyota VINs often do not encode the month directly; check seatbelt tags or factory placards for exact month.
11. Maruti Suzuki,10th Character,11th Character,Follows standard decoding.
12. Ford,11th Character,12th Character,
13. Nissan,10th Character,11th Character,
14. Renault,10th Character,11th Character,
15. Kia,10th Character,11th Character,Follows standard ISO 3779 for 10th character year.
16. Jeep,10th Character,11th Character,
17. MG Motor,10th Character,11th Character,
18. Citroen,10th Character,11th Character,
,,,
,,,
SECTION 3: STANDARD MONTH CODES,,,
Code,Month (Standard),"Exceptions (e.g., Chevrolet Trailblazer)",
A,January,January,
B,February,February,
C,March,March,
D,April,April,
E,May,(Trailblazer uses F for May),
F,June,(Trailblazer uses G for June),
G,July,(Trailblazer uses H for July),
H,August,(Trailblazer uses J for August),
J,September,,
K,October,(Trailblazer uses N for October),
L,November,,
M,December,,
N,N/A,,
P,N/A,(Trailblazer uses P for Nov & Dec),
,,,
,,,
SECTION 4: STANDARD YEAR CODES (2010 - 2030),,,
Code,Year,,
A,2010,,
B,2011,,
C,2012,,
D,2013,,
E,2014,,
F,2015,,
G,2016,,
H,2017,,
J,2018,,
K,2019,,
L,2020,,
M,2021,,
N,2022,,
P,2023,,
R,2024,,
S,2025,,
T,2026,,
V,2027,,
W,2028,,
X,2029,,
Y,2030,,
